id;full-name;html-url;stars;forks;last-commit;domain-files;n-actions-files;n-readme-files;n-intents;intents;n-entities;entities;n-actions;actions;n-actions-custom;actions-custom;n-slots;slots;n-slots-from-entity;n-slots-from-text;slots-type;n-forms;forms;version;type;config-languages;training-language;response-languages
theopenconversationkit/tock;theopenconversationkit/tock;https://github.com/theopenconversationkit/tock;522;136;ad893e19e14b007da728378e8cf0fbf25a195322;['nlp/model/rasa/src/test/resources/domain.yml'];0;28;3;['app___intentWithoutEntities', 'app___intentWithOneEntity', 'app___intentWithTwoEntities'];3.0;['app___e1', 'app___e2', 'app___e3'];0;[];0;[];0.0;[];0.0;0.0;[];0.0;[];;sfsd;['en', 'fr'];[];[]
zkkzkk32312/IOTHouse_RASA;zkkzkk32312/IOTHouse_RASA;https://github.com/zkkzkk32312/IOTHouse_RASA;0;0;39e4b4a6d83ab58e2572fd693f2c50c8215fe7df;['domain.yml'];1;0;1;['general'];1.0;['device_id'];1;['action_default'];1;['action_default'];0.0;[];0.0;0.0;[];0.0;[];3.1;sfsd;['en'];[];[]
dinhhuong2002/RasaChatbotOfficial;dinhhuong2002/RasaChatbotOfficial;https://github.com/dinhhuong2002/RasaChatbotOfficial;0;0;fba1c5c0ab29c14fc222cfd8c04f0fccc6dd5c31;['FirstProject/domain.yml'];1;0;14;['hello', 'goodbye', 'deny', 'mood_great', 'mood_unhappy', 'bot_challenge', 'sign_in', 'sign_up', 'sign_up_student', 'sign_up_parents', 'sign_up_teacher', 'sign_up_school', 'sign_up_Education_Department', 'add_GO'];0.0;[];0;[];0;[];0.0;[];0.0;0.0;[];0.0;[];3.0;sfsd;['en'];[];[]
abdulsamodazeez/AI-driven-To-Do--List-chatbot;abdulsamodazeez/AI-driven-To-Do--List-chatbot;https://github.com/abdulsamodazeez/AI-driven-To-Do--List-chatbot;0;0;90cdb5ea9acd38ffa91cba09910cd38465270a65;['AI driven solution using Rasa/domain.yml'];1;1;5;['create_list', 'add_item', 'remove_item', 'show_list', 'mark_done'];2.0;['user_list', 'task'];5;['action_create_list', 'action_add_item', 'action_remove_item', 'action_show_list', 'action_mark_done'];5;['action_create_list', 'action_add_item', 'action_remove_item', 'action_show_list', 'action_mark_done'];1.0;['user_list'];0.0;0.0;['list'];0.0;[];3.1;sfsd;['en'];[];[]
rslgp/rasa;rslgp/rasa;https://github.com/rslgp/rasa;1;0;c8fa43c6ad1f518a5fea6d05d78212cd66550a2c;['ConsumoApi/domain.yml'];1;1;1;['random_user'];0.0;[];1;['RandomUserAction'];1;['RandomUserAction'];0.0;[];0.0;0.0;[];0.0;[];;sfsd;[];[];[]
MarioCSilva/NLU_RASA_ChatBot_Flights;MarioCSilva/NLU_RASA_ChatBot_Flights;https://github.com/MarioCSilva/NLU_RASA_ChatBot_Flights;0;0;a0715025d98fb6ff18fb352dd92ea1a7f380b48f;['Chatbot/domain.yml'];0;4;18;['search_flights', 'give_search_from', 'give_search_to', 'search_flight_all_story', 'book_flight', 'show_my_bookings', 'basics.yes', 'basics.no', 'chitchat.thank_you', 'chitchat.i_am_excited', 'chitchat.i_need_help', 'chitchat.bye', 'chitchat.greet', 'chitchat.how_are_you', 'chitchat.i_am_angry', 'chitchat.i_am_good', 'chitchat.i_am_happy', 'chitchat.i_am_sad'];4.0;['search_to_story', 'search_from_story', 'budget_story', 'feedback_story'];17;['utter_no_problem', 'utter_bye', 'utter_greet', 'utter_how_you_doing', 'utter_im_great', 'utter_negative', 'utter_positive', 'utter_ask_search_from', 'utter_ask_budget', 'utter_ask_search_to', 'utter_ack_search_from_and_to', 'utter_search_flight_all', 'utter_display_menu', 'utter_check_booking', 'utter_ask_for_feedback', 'utter_thank_you', 'utter_send_feedback_question'];0;[];6.0;['search_to_story', 'budget_story', 'search_from_story', 'budget', 'search_to', 'search_from'];3.0;3.0;['text', 'text', 'text', 'text', 'text', 'text'];1.0;['form_search_flights'];3.0;sfsd;['en'];[];[]
vsraptor/rasa_bot_language;vsraptor/rasa_bot_language;https://github.com/vsraptor/rasa_bot_language;0;0;8119c47dc43915030f7272b0c1433c9d054a9310;['prj/exercise-domain.yml'];0;1;1;['start'];4.0;['answer', 'expected_result', 'example', 'try_again_exercise'];0;[];0;[];4.0;['example', 'answer', 'expected_result', 'try_again_exercise'];0.0;0.0;['unfeaturized', 'unfeaturized', 'unfeaturized', 'unfeaturized'];1.0;['exercise_form'];;sfsd;[];[];[]
JulianGerhard21/bert_spacy_rasa;JulianGerhard21/bert_spacy_rasa;https://github.com/JulianGerhard21/bert_spacy_rasa;66;17;0ee3739680c5015df65d963f85b3e4e9deded8a4;['test_bot/domain.yml'];1;2;9;['Etat', 'Inland', 'International', 'Kultur', 'Panorama', 'Sport', 'Web', 'Wirtschaft', 'Wissenschaft'];0.0;[];9;['utter_Etat', 'utter_Inland', 'utter_International', 'utter_Kultur', 'utter_Panorama', 'utter_Sport', 'utter_Web', 'utter_Wirtschaft', 'utter_Wissenschaft'];0;[];0.0;[];0.0;0.0;[];0.0;[];;sfsd;['de'];[];[]
vsraptor/bot_lang;vsraptor/bot_lang;https://github.com/vsraptor/bot_lang;1;0;8f1d775e78868213793b1d205268583573cfcccc;['prj/exercise-domain.yml'];0;1;1;['start'];4.0;['answer', 'expected_result', 'example', 'try_again_exercise'];0;[];0;[];4.0;['example', 'answer', 'expected_result', 'try_again_exercise'];0.0;0.0;['unfeaturized', 'unfeaturized', 'unfeaturized', 'unfeaturized'];1.0;['exercise_form'];;sfsd;[];[];[]
mkaze/bert_spacy_rasa;mkaze/bert_spacy_rasa;https://github.com/mkaze/bert_spacy_rasa;1;0;af15dffcf60e1b56c3f06fff5baee20fa69c9327;['test_bot/domain.yml'];1;2;9;['Etat', 'Inland', 'International', 'Kultur', 'Panorama', 'Sport', 'Web', 'Wirtschaft', 'Wissenschaft'];0.0;[];9;['utter_Etat', 'utter_Inland', 'utter_International', 'utter_Kultur', 'utter_Panorama', 'utter_Sport', 'utter_Web', 'utter_Wirtschaft', 'utter_Wissenschaft'];0;[];0.0;[];0.0;0.0;[];0.0;[];;sfsd;['de'];[];[]
Deepam-Rai/wiki__domain/llm_loop;Deepam-Rai/wiki;https://github.com/Deepam-Rai/wiki;0;0;30fa722d77cf1c77f8fd4560334eeb12c2233f3c;['domain/llm_loop/domain_llm_loop.yml'];3;1;2;['start_llm_loop', 'general_llm_loop_intent'];0.0;[];2;['validate_llm_loop', 'action_submit_llm_loop'];2;['action_submit_llm_loop', 'validate_llm_loop'];1.0;['user_dialogue'];0.0;1.0;['text'];1.0;['llm_loop'];3.1;mfsd;[];[];[]
gundameedikiranmai/Bnew108__app/rasa/data/ask_a_question;gundameedikiranmai/Bnew108;https://github.com/gundameedikiranmai/Bnew108;0;0;9ab74194a2c98ebffdee4719bdd9b7e2dccba8c5;['app/rasa/data/ask_a_question/domain.yml'];1;1;2;['ask_a_question', 'input_user_question'];1.0;['user_question'];4;['validate_ask_a_question_form', 'ask_a_question_form_submit', 'action_ask_user_question', 'utter_start_ask_a_question'];3;['validate_ask_a_question_form', 'ask_a_question_form_submit', 'action_ask_user_question'];2.0;['user_question', 'faq_suggestion_context'];1.0;0.0;['text', 'text'];1.0;['ask_a_question_form'];3.1;mfsd;[];[];[]
gundameedikiranmai/Bnew108__app/rasa/data/review_screening_questions;gundameedikiranmai/Bnew108;https://github.com/gundameedikiranmai/Bnew108;0;0;9ab74194a2c98ebffdee4719bdd9b7e2dccba8c5;['app/rasa/data/review_screening_questions/domain.yml'];1;1;1;['screening_review'];1.0;['screening_response'];5;['utter_screening_review_start', 'action_ask_screening_question_options', 'action_ask_screening_question_display_q', 'validate_review_screening_questions_form', 'action_dummy_test'];4;['action_ask_screening_question_options', 'action_ask_screening_question_display_q', 'validate_review_screening_questions_form', 'action_dummy_test'];3.0;['screening_question_options', 'screening_question_display_q', 'screening_review_context'];2.0;0.0;['text', 'text', 'text'];1.0;['review_screening_questions_form'];3.1;mfsd;[];[];[]
gundameedikiranmai/Bnew108__app/rasa/data/explore_jobs;gundameedikiranmai/Bnew108;https://github.com/gundameedikiranmai/Bnew108;0;0;9ab74194a2c98ebffdee4719bdd9b7e2dccba8c5;['app/rasa/data/explore_jobs/domain.yml'];1;1;7;['explore_jobs', 'input_job_title', 'input_job_location', 'input_select_job', 'input_resume_upload_data', 'refine_job_search', 'input_refine_job_search_field'];5.0;['job_title', 'job_location', 'select_job', 'user_id', 'refine_job_search_field'];11;['validate_explore_jobs_form', 'explore_jobs_form_submit', 'action_start_explore_jobs', 'action_ask_is_resume_upload', 'action_ask_resume_upload', 'action_ask_job_title', 'action_ask_job_location', 'action_ask_select_job', 'utter_ask_refine_job_search_field', 'utter_ask_resume_last_search', 'utter_ask_update_contact_details'];4;['validate_explore_jobs_form', 'explore_jobs_form_submit', 'action_start_explore_jobs', 'action_ask_is_resume_upload'];16.0;['resume_last_search', 'is_resume_upload', 'resume_upload', 'update_contact_details', 'job_title', 'job_location', 'select_job', 'refine_job_search_field', 'applied_jobs', 'previous_job_title', 'search_jobs_list', 'select_job_title', 'last_job_search_timestamp', 'contact_details_temp', 'user_id', 'is_resume_parsing_done'];5.0;0.0;['bool', 'bool', 'text', 'bool', 'text', 'text', 'text', 'text', 'any', 'any', 'any', 'text', 'text', 'text', 'text', 'text'];1.0;['explore_jobs_form'];3.1;mfsd;[];[];[]
Deepam-Rai/helpdesk_chatbot__domain/nlu_fallback;Deepam-Rai/helpdesk_chatbot;https://github.com/Deepam-Rai/helpdesk_chatbot;0;0;ae3808824fd6525ab8502cf9ac301ee0c9a5cc91;['domain/nlu_fallback/domain_nlu_fallback.yml'];2;1;2;['nlu_fallback', 'out_of_scope'];0.0;[];1;['action_handle_fallback'];1;['action_handle_fallback'];0.0;[];0.0;0.0;[];0.0;[];3.1;mfsd;[];[];[]
Deepam-Rai/helpdesk_chatbot__domain/telegram;Deepam-Rai/helpdesk_chatbot;https://github.com/Deepam-Rai/helpdesk_chatbot;0;0;ae3808824fd6525ab8502cf9ac301ee0c9a5cc91;['domain/telegram/domain_telegram.yml'];0;1;1;['start'];0.0;[];0;[];0;[];0.0;[];0.0;0.0;[];0.0;[];3.1;mfsd;[];[];[]
Deepam-Rai/helpdesk_chatbot__domain/cancel;Deepam-Rai/helpdesk_chatbot;https://github.com/Deepam-Rai/helpdesk_chatbot;0;0;ae3808824fd6525ab8502cf9ac301ee0c9a5cc91;['domain/cancel/domain_cancel_form.yml'];3;1;2;['cancel', 'start_cancel_form'];0.0;[];4;['action_pre_cancel', 'validate_cancel_form', 'action_ask_confirm_cancel', 'action_submit_cancel_form'];4;['validate_cancel_form', 'action_pre_cancel', 'action_ask_confirm_cancel', 'action_submit_cancel_form'];2.0;['confirm_cancel', 'to_cancel'];0.0;0.0;['bool', 'text'];1.0;['cancel_form'];3.1;mfsd;[];[];[]
dialogue-planning/plan4dial__old_local_data/gold_standard_bot_old;dialogue-planning/plan4dial;https://github.com/dialogue-planning/plan4dial;3;0;6b16a9b2b7123bc78d63768d4715fcfb32b18f7b;['old_local_data/gold_standard_bot_old/gold_standard_bot_old.yml'];0;1;5;['confirm', 'deny', 'share_cuisine', 'share_allergies', 'share_outing_preference'];0.0;[];8;"{'get-cuisine': {'advanced-custom': {'custom-type': 'slot_fill', 'parameters': {'action_name': 'get-cuisine', 'entities': ['cuisine'], 'message_variants': ['What is your cuisine of choice? Mexican, Italian, Chinese, and dessert restaurants are in the area.'], 'fallback_message_variants': [""Sorry, that isn't a valid cuisine.""], 'config_entities': {'cuisine': {'fallback_message_variants': [""Sorry, that still isn't a valid cuisine.""], 'clarify_message_variants': [""I didn't quite get your cuisine preference. Do you want to eat $cuisine?""], 'response_variants': ['Cuisine preference has been logged.']}}}}}, 'get-have-allergy': {'type': 'dialogue', 'subtype': 'dialogue disambiguation', 'message_variants': ['Do you have any allergies? (Y/N)'], 'condition': {'have_allergy': {'known': False}}, 'effect': {'set-allergy': {'oneof': {'outcomes': {'indicate_allergy': {'updates': {'have_allergy': {'value': True, 'known': True}}, 'intent': 'confirm'}, 'indicate_no_allergy': {'updates': {'have_allergy': {'known': True, 'value': False}, 'conflict': {'known': True, 'value': False}}, 'intent': 'deny'}}}}}}, 'get-allergy': {'type': 'dialogue', 'subtype': 'dialogue disambiguation', 'message_variants': ['What type of allergy do you have? (I currently account for dairy and gluten allergies).'], 'fallback_message_variants': [""Sorry, I don't recognize that type of allergy.""], 'condition': {'have_allergy': {'known': True, 'value': True}}, 'effect': {'set-allergy': {'oneof': {'outcomes': {'update_allergy': {'updates': {'food_restriction': {'value': '$food_restriction', 'known': True}}, 'intent': 'share_allergies'}}}}}}, 'check-conflict-1': {'type': 'system', 'condition': {'have_allergy': {'known': True, 'value': True}, 'food_restriction': {'known': True}, 'cuisine': {'known': True}, 'or': [{'cuisine': {'value': 'mexican'}, 'food_restriction': {'value': 'gluten-free'}}, {'cuisine': {'value': 'dessert'}, 'food_restriction': {'value': 'dairy-free'}}]}, 'effect': {'check-conflicts': {'oneof': {'outcomes': {'validate-combos': {'updates': {'conflict': {'known': True, 'value': True}}}}}}}}, 'check-conflict-2': {'type': 'system', 'condition': {'have_allergy': {'known': True, 'value': True}, 'food_restriction': {'known': True}, 'cuisine': {'known': True}, 'or': [{'cuisine': {'value': 'italian'}}, {'cuisine': {'value': 'chinese'}}, {'cuisine': {'value': 'mexican'}, 'food_restriction': {'value': 'dairy-free'}}, {'cuisine': {'value': 'dessert'}, 'food_restriction': {'value': 'gluten-free'}}]}, 'effect': {'check-conflicts': {'oneof': {'outcomes': {'validate-combos': {'updates': {'conflict': {'known': True, 'value': False}}}}}}}}, 'reset-preferences': {'type': 'system', 'condition': {'conflict': {'known': True, 'value': True}}, 'effect': {'reset': {'oneof': {'outcomes': {'reset-values': {'updates': {'have_allergy': {'known': False}, 'food_restriction': {'known': False}, 'cuisine': {'known': False}, 'conflict': {'known': False}}, 'response_variants': ['Sorry, but there are no restaurants that match your allergy and cuisine preferences. Try entering a different set of preferences.']}}}}}}, 'set-restaurant': {'type': 'system', 'subtype': 'Context dependent determination', 'condition': {'cuisine': {'known': True}, 'conflict': {'known': True, 'value': False}, 'restaurant': {'known': False}}, 'effect': {'assign_restaurant': {'oneof': {'outcomes': {'set-mexican': {'updates': {'restaurant': {'value': 'Guac Grill', 'known': True}}, 'context': {'cuisine': {'value': 'mexican'}}}, 'set-italian': {'updates': {'restaurant': {'value': ""Alfredo's Pizza Cafe"", 'known': True}}, 'context': {'cuisine': {'value': 'italian'}}}, 'set-chinese': {'updates': {'restaurant': {'value': 'Mandarin', 'known': True}}, 'context': {'cuisine': {'value': 'chinese'}}}, 'set-dessert': {'updates': {'restaurant': {'value': 'Geneva Crepes', 'known': True}}, 'context': {'cuisine': {'value': 'dessert'}}}}}}}}, 'complete': {'type': 'system', 'condition': {'restaurant': {'known': True}}, 'effect': {'finish': {'oneof': {'outcomes': {'finish': {'updates': {'goal': {'value': True, 'known': True}}}}}}}}}";0;[];0.0;[];0.0;0.0;[];0.0;[];;mfsd;[];[];[]
saishashank85/chatbot_challengers__domain;saishashank85/chatbot_challengers;https://github.com/saishashank85/chatbot_challengers;0;1;b2ffe0413fd3622530779bedd103cca97ccbb1d6;['domain/intents.yml'];0;1;88;['greet', 'goodbye', 'affirm', 'deny', 'mood_great', 'mood_unhappy', 'bot_challenge', 'branch_info', 'account_opening', 'login issues', 'credit card', 'transaction queries', 'reg_DG', 'Biometrics', 'activate_debit', 'upi_query', 'FD', 'RD', 'PL apply', 'add_fund', 'close_account', 'new_debit_card', 'transfer_fail', 'loan_offered', 'home_loan_about', 'block card', 'check_sa_balance', 'fraud_dispute', 'investment_options', 'lang_supported', 'car_loan_application', 'car_loan_collateral', 'car_loan_eligibility', 'car_loan_finance', 'car_loan_interest', 'car_loan_repayment', 'education_loan_application', 'education_loan_eligibility', 'education_loan_interest', 'education_loan_repayment', 'education_loan_security', 'education_loan_tenure', 'home_loan_application', 'home_loan_eligibility', 'home_loan_interest', 'home_loan_repayment', 'home_loan_security', 'home_loan_tenure', 'loan_application', 'loan_emi', 'loan_interest', 'loan_repayment', 'loan_security', 'personal_loan_collateral', 'personal_loan_application', 'personal_loan_interest', 'personal_loan_repayment', 'process_time', 'rate query', 'main menu', 'IFSC Code', 'NEFT/RTGS_Charges', 'NEFT/RTGS_Dispute', 'NEFT/RTGS_Information', 'NEFT/RTGS_Information_Transfer_Limit', 'NEFT/RTGS_Transaction_Issue', 'NEFT/RTGS_about', 'NEFT/RTGS_fast', 'NEFT/RTGS_transfer', 'mob_change', 'upi_refund', 'vpa_money_recv', 'fixed_deposit_apply', 'fixed_deposit_calculator', 'fixed_deposit_collateral', 'fixed_deposit_enquiry', 'fixed_deposit_interest', 'fixed_deposit_remove', 'fixed_deposit_tds', 'fixed_deposit_tenure', 'recurring_deposit_apply', 'recurring_deposit_enquiry', 'recurring_deposit_installment', 'recurring_deposit_interest', 'recurring_deposit_withdraw', 'recurring_deposit_tenure', 'NEFT', 'asking_details_of_bot'];0.0;[];0;[];0;[];0.0;[];0.0;0.0;[];0.0;[];2.0;mfsd;[];[];[]
PierreEpron/nt-challenge__train/3intents-0-rs/base;PierreEpron/nt-challenge;https://github.com/PierreEpron/nt-challenge;0;0;8c0b150b0cab3bd78ec379e63838e802b201a6ff;['train/3intents-0-rs/base/domain.yml'];0;1;3;['contact_doctor', 'contact_service', 'out_of_scope'];0.0;[];0;[];0;[];0.0;[];0.0;0.0;[];0.0;[];3.1;mfsd;[];[];[]
PierreEpron/nt-challenge__train/3intents-0-rs/md;PierreEpron/nt-challenge;https://github.com/PierreEpron/nt-challenge;0;0;8c0b150b0cab3bd78ec379e63838e802b201a6ff;['train/3intents-0-rs/md/domain.yml'];0;1;3;['contact_doctor', 'contact_service', 'out_of_scope'];0.0;[];0;[];0;[];0.0;[];0.0;0.0;[];0.0;[];3.1;mfsd;[];[];[]
PierreEpron/nt-challenge__train/3intents-0-rs/trf;PierreEpron/nt-challenge;https://github.com/PierreEpron/nt-challenge;0;0;8c0b150b0cab3bd78ec379e63838e802b201a6ff;['train/3intents-0-rs/trf/domain.yml'];0;1;3;['contact_doctor', 'contact_service', 'out_of_scope'];0.0;[];0;[];0;[];0.0;[];0.0;0.0;[];0.0;[];3.1;mfsd;[];[];[]
PierreEpron/nt-challenge__train/3intents-1-rs/base;PierreEpron/nt-challenge;https://github.com/PierreEpron/nt-challenge;0;0;8c0b150b0cab3bd78ec379e63838e802b201a6ff;['train/3intents-1-rs/base/domain.yml'];0;1;3;['contact_doctor', 'contact_service', 'out_of_scope'];0.0;[];0;[];0;[];0.0;[];0.0;0.0;[];0.0;[];3.1;mfsd;[];[];[]
PierreEpron/nt-challenge__train/3intents-1-rs/md;PierreEpron/nt-challenge;https://github.com/PierreEpron/nt-challenge;0;0;8c0b150b0cab3bd78ec379e63838e802b201a6ff;['train/3intents-1-rs/md/domain.yml'];0;1;3;['contact_doctor', 'contact_service', 'out_of_scope'];0.0;[];0;[];0;[];0.0;[];0.0;0.0;[];0.0;[];3.1;mfsd;[];[];[]
PierreEpron/nt-challenge__train/3intents-1-rs/trf;PierreEpron/nt-challenge;https://github.com/PierreEpron/nt-challenge;0;0;8c0b150b0cab3bd78ec379e63838e802b201a6ff;['train/3intents-1-rs/trf/domain.yml'];0;1;3;['contact_doctor', 'contact_service', 'out_of_scope'];0.0;[];0;[];0;[];0.0;[];0.0;0.0;[];0.0;[];3.1;mfsd;[];[];[]
yattdev/Jady__jady;yattdev/Jady;https://github.com/yattdev/Jady;0;0;77c74fa4c5cf87cea92334eba1be24d93cbd2eea;['jady/domain_jady.yml'];2;1;20;['greet', 'ask_bot_feeling', 'affirm', 'ask_user_feeling', 'deny', 'mood_happy', 'scope_not_handle', 'bot_possibility', 'offend', 'forgive', 'bot_name', 'call_nex', 'out_of_scope', 'goodbye', 'mood_unhappy', 'thankyou', 'need_help', 'why_this_answer', 'ask_user_name', 'user_give_its_name'];0.0;[];24;['action_answer_question', 'utter_answer_question', 'utter_ask_bot_feeling', 'utter_ask_rephrase', 'utter_ask_user_feeling', 'utter_ask_user_name', 'utter_bot_name', 'utter_bot_possibility', 'utter_call_nex', 'utter_default', 'utter_deny', 'utter_forgive', 'utter_goodbye', 'utter_greet', 'utter_greet_again', 'utter_mood_happy', 'utter_mood_unhappy', 'utter_offend', 'utter_out_of_scope', 'utter_scope_not_handle', 'utter_reaching_out_to_user', 'utter_thankyou', 'utter_why_this_answer', 'action_greet'];2;['action_answer_question', 'action_greet'];0.0;[];0.0;0.0;[];0.0;[];2.0;mfsd;['fr'];[];[]
yattdev/Jady__jady/configs;yattdev/Jady;https://github.com/yattdev/Jady;0;0;77c74fa4c5cf87cea92334eba1be24d93cbd2eea;['jady/configs/domain_jady_v1.yml'];0;1;30;['greet', 'call_nex', 'mood_happy', 'ask_bot_feeling', 'L_énergie_:_le_carburant_de_l_excellence', 'out_of_scope', 'Savoir_se_mettre_dans_un_état_donné', 'Établir_des_distinctions_:_les_méta-programmes', 'offend', 'scope_not_handle', 'bot_name', 'goodbye', 'thankyou', 'bot_possibility', 'need_help', 'Apprendre_excéllence_humaine', 'Connaître_la_distinction_entre_les_gens_qui_reussissent_et_les_autres', 'Quelles_sont_les_pourvoir_de_la_croyance', 'Les_sept_mensonges_du_succès', 'La_maîtrise_de_votre_esprit_ou_comment_faire_fonctionner_votre_cerveau', 'Physiologie_:_la_voie_royale_vers_l_excellence', 'La_formule_fondamentale_du_succès', 'Le_pouvoir_de_la_précision', 'La_magie_de_la_sympathie', 'Comment_venir_à_bout_des_résistances_et_résoudre_les_problèmes', 'Restructuration_des_schémas_:_le_pouvoir_de_la_perspective', 'Les_points_d_ancrage_de_la_réussite', 'Les_systèmes_de_valeurs_:_jugement_ultime_de_la_réussite', 'Les_cinq_clés_de_la_richesse_et_du_bonheur', 'Création_des_tendances_:_le_pouvoir_de_la_persuasion'];0.0;[];17;['action_answer_question', 'utter_ask_bot_feeling', 'utter_call_nex', 'utter_ask_rephrase', 'utter_ask_user_name', 'utter_bot_name', 'utter_bot_possibility', 'utter_need_help', 'utter_default', 'utter_goodbye', 'utter_greet', 'utter_greet_again', 'utter_mood_happy', 'utter_offend', 'utter_out_of_scope', 'utter_scope_not_handle', 'utter_thankyou'];0;[];0.0;[];0.0;0.0;[];0.0;[];2.0;mfsd;['fr'];[];[]
amosproj/2017ws01-conversational-chat-bot__workstreambot/kanban;amosproj/2017ws01-conversational-chat-bot;https://github.com/amosproj/2017ws01-conversational-chat-bot;0;0;dacb7fed3e9fad3cafc67870ce484c07e0dacfbc;['workstreambot/kanban/domain.yml'];0;1;4;['switch_kanban', 'deny', 'continue', 'inform'];2.0;['theme', 'detail'];3;['kanban.action.Explain', 'kanban.action.Continue', 'kanban.action.ExplainDetail'];0;[];2.0;['theme', 'detail'];0.0;0.0;['text', 'text'];0.0;[];;mfsd;[];[];[]
amosproj/2017ws01-conversational-chat-bot__workstreambot/scrum;amosproj/2017ws01-conversational-chat-bot;https://github.com/amosproj/2017ws01-conversational-chat-bot;0;0;dacb7fed3e9fad3cafc67870ce484c07e0dacfbc;['workstreambot/scrum/domain.yml'];0;1;4;['switch_scrum', 'deny', 'continue', 'inform'];2.0;['theme', 'detail'];3;['scrum.action.Explain', 'scrum.action.Continue', 'scrum.action.ExplainDetail'];0;[];2.0;['theme', 'detail'];0.0;0.0;['text', 'text'];0.0;[];;mfsd;[];[];[]
aifriend/virtual_assistant__deploy/rasa_data/domains.back/repsol;aifriend/virtual_assistant;https://github.com/aifriend/virtual_assistant;0;0;cb4819ecd00dd6473dccdeac30be1fecd7421a24;['deploy/rasa_data/domains.back/repsol/domain_form1.yml'];1;1;10;['greet', 'thankyou', 'goodbye', 'search_concerts', 'search_venues', 'compare_reviews', 'invoicestatus', 'inform', 'gratitude', 'goodbye'];4.0;['name', 'session', 'status', 'number'];18;['utter_default', 'utter_greet', 'utter_goodbye', 'utter_noworries', 'utter_youarewelcome', 'utter_wrong_reference', 'utter_invoicestatus_status', 'utter_ask_reference', 'utter_invoice_status', 'utter_invoice_status_authorization', 'utter_invoice_status_recorded', 'utter_invoice_status_deleted', 'utter_invoice_status_not_registered', 'utter_invoice_slots_values', 'action_search_concerts', 'action_search_venues', 'action_show_concert_reviews', 'action_show_venue_reviews'];0;[];6.0;['concerts', 'venues', 'session', 'reference', 'status', 'requested_slot'];0.0;0.0;['list', 'list', 'text', 'text', 'text', 'unfeaturized'];1.0;['invoicestatus_form'];;mfsd;[];[];[]
aifriend/virtual_assistant__enterprise/rasa/usecase/callcenter/data/domain;aifriend/virtual_assistant;https://github.com/aifriend/virtual_assistant;0;0;cb4819ecd00dd6473dccdeac30be1fecd7421a24;['enterprise/rasa/usecase/callcenter/data/domain/domain.yml'];0;1;17;['invoicestatus', 'robotlaunch', 'providerconsultation', 'greetings', 'goodbye', 'gethelp', 'stop', 'deny', 'next_step', 'affirm', 'thankyou', 'compliment', 'gratitude', 'out_of_scope', 'human_handoff', 'inform', 'chitchat'];14.0;['session', 'cnn', 'macsystem', 'currency', 'sys-number', 'paycon', 'sys-time', 'pedido', 'adquira', 'organizacion', 'org_compras', 'codigo', 'proveedor', 'person'];72;['utter_default', 'utter_greetings', 'utter_goodbye', 'utter_noworries', 'utter_youarewelcome', 'utter_not_implemented', 'utter_stop', 'utter_stop_followup', 'utter_compliment', 'utter_gethelp', 'utter_canthelp', 'utter_out_of_scope', 'utter_possibilities', 'utter_thank_usecase', 'utter_have_you_used_repsolbot_before', 'utter_anything_else', 'utter_encourage_building_bot', 'utter_offer_recommendation', 'utter_getstarted', 'utter_not_sure', 'utter_continue_step', 'utter_no_more_steps', 'utter_reset_form', 'utter_intro', 'utter_ask_which_product', 'utter_ask_describe_problem', 'utter_ask_if_problem', 'utter_action_handoff', 'utter_ask_rephrase', 'utter_ask_affirmation', 'action_chitchat', 'action_greetings', 'action_goodbye', 'action_reset_form', 'action_reset_history', 'action_reset_history_and_form', 'action_default_ask_affirmation', 'action_default_ask_rephrase', 'action_default_nlu_fallback', 'action_default_core_fallback', 'action_invoicestatus_next_step', 'action_providerconsultation_next_step', 'action_robotlaunch_next_step', 'action_next_step', 'utter_next_step_none', 'utter_ask_reference', 'utter_wrong_reference', 'utter_invoice_status', 'utter_invoice_status_authorization', 'utter_invoice_status_recorded', 'utter_invoice_status_deleted', 'utter_invoice_status_not_registered', 'utter_invoicestatus_form_error', 'utter_ask_provider_id', 'utter_wrong_provider_id', 'utter_ask_system', 'utter_wrong_system', 'utter_providerconsultation_status', 'utter_providerconsultation_default_status', 'utter_providerconsultation_form_error', 'utter_providerconsultation_sap_response', 'utter_ask_robot_id', 'utter_wrong_robot_id', 'utter_ask_currency', 'utter_wrong_currency', 'utter_ask_orgcompras', 'utter_wrong_orgcompras', 'utter_ask_paycondition', 'utter_wrong_paycondition', 'utter_rpalaunch_form_error', 'utter_robotlaunch_status', 'utter_robotlaunch_resume'];0;[];18.0;['session', 'place', 'data', 'pedido', 'adquira', 'organizacion', 'codigo', 'proveedor', 'status', 'robot_id', 'provider_id', 'reference', 'orgcompras', 'currency', 'paycondition', 'system', 'step', 'requested_slot'];0.0;0.0;['text', 'text', 'text', 'text', 'text', 'text', 'text', 'text', 'text', 'unfeaturized', 'unfeaturized', 'unfeaturized', 'unfeaturized', 'unfeaturized', 'unfeaturized', 'unfeaturized', 'unfeaturized', 'unfeaturized'];3.0;['invoicestatus_form', 'robotlaunch_form', 'providerconsultation_form'];;mfsd;[];[];[]
Rowl1ng/rasa_wechat__examples/my_world;Rowl1ng/rasa_wechat;https://github.com/Rowl1ng/rasa_wechat;49;24;2ee1eb3dd5a9c87f83ea91a5ec42f491c86a77c4;['examples/my_world/common_domain.yml'];0;1;3;['greet', 'goodbye', 'chat'];1.0;['action'];3;['utter_great', 'utter_goodbye', 'utter_chat'];0;[];2.0;['cuisine', 'people'];0.0;0.0;['text', 'text'];0.0;[];;mfsd;[];[];[]
Rowl1ng/rasa_wechat__examples/remote/models/current;Rowl1ng/rasa_wechat;https://github.com/Rowl1ng/rasa_wechat;49;24;2ee1eb3dd5a9c87f83ea91a5ec42f491c86a77c4;['examples/remote/models/current/domain.yml'];0;1;6;['greet', 'thankyou', 'goodbye', 'search_concerts', 'search_venues', 'compare_reviews'];1.0;['name'];8;['nlu', 'greet', 'goodbye', 'youarewelcome', 'search_concerts', 'search_venues', 'show_concert_reviews', 'show_venue_reviews'];0;[];2.0;['concerts', 'venues'];0.0;0.0;['list', 'list'];0.0;[];;mfsd;[];[];[]
damorita/RASA_chatbot__backend/domain;damorita/RASA_chatbot;https://github.com/damorita/RASA_chatbot;0;1;ab7361ccae9aa2dfce3e0905bec38d7a0625788e;['backend/domain/intents.yml'];0;1;6;['greet', 'goodbye', 'affirm', 'deny', 'thanks', 'weather'];0.0;[];0;[];0;[];0.0;[];0.0;0.0;[];0.0;[];;mfsd;[];[];[]
amos-ws17/amos-ws17-proj1__workstreambot/scrum;amos-ws17/amos-ws17-proj1;https://github.com/amos-ws17/amos-ws17-proj1;3;1;dacb7fed3e9fad3cafc67870ce484c07e0dacfbc;['workstreambot/scrum/domain.yml'];0;1;4;['switch_scrum', 'deny', 'continue', 'inform'];2.0;['theme', 'detail'];3;['scrum.action.Explain', 'scrum.action.Continue', 'scrum.action.ExplainDetail'];0;[];2.0;['theme', 'detail'];0.0;0.0;['text', 'text'];0.0;[];;mfsd;[];[];[]
amos-ws17/amos-ws17-proj1__workstreambot/kanban;amos-ws17/amos-ws17-proj1;https://github.com/amos-ws17/amos-ws17-proj1;3;1;dacb7fed3e9fad3cafc67870ce484c07e0dacfbc;['workstreambot/kanban/domain.yml'];0;1;4;['switch_kanban', 'deny', 'continue', 'inform'];2.0;['theme', 'detail'];3;['kanban.action.Explain', 'kanban.action.Continue', 'kanban.action.ExplainDetail'];0;[];2.0;['theme', 'detail'];0.0;0.0;['text', 'text'];0.0;[];;mfsd;[];[];[]
deepak02/rasa_core__examples/remote/models/current;deepak02/rasa_core;https://github.com/deepak02/rasa_core;0;0;2a9c583b6f5277a2ca07b8277af74947c8823b2e;['examples/remote/models/current/domain.yml'];0;1;6;['greet', 'thankyou', 'goodbye', 'search_concerts', 'search_venues', 'compare_reviews'];1.0;['name'];8;['default', 'greet', 'goodbye', 'youarewelcome', 'search_concerts', 'search_venues', 'show_concert_reviews', 'show_venue_reviews'];0;[];2.0;['concerts', 'venues'];0.0;0.0;['list', 'list'];0.0;[];;mfsd;[];[];[]
